{
    "vrms_scale": 0.008684381075826312,
    "irms_scale": -0.0005877493963654849,
    "vrms_offset": 0,
    "irms_offset": 90,
    "vrms_offset_volts": 0.0,
    "irms_offset_amps": -0.05289744567289364,
    "last_cal_time": "2026-07-10T19:14:44",
    "line_vrms_used": 241.2,
    "clamp_irms_used": 18.5

}
