{
    "vrms_scale": 0.008771225123242651,
    "irms_scale": 0.001656639637283111,
    "vrms_offset": 146,
    "irms_offset": 0,
    "vrms_offset_volts": 1.280598867993427,
    "irms_offset_amps": 0.0,
    "last_cal_time": "2026-07-08T19:21:14",
    "line_vrms_used": 240.2,
    "clamp_irms_used": 19.0
}
