{
  "vrms_scale": 0.008658798283261802,
  "irms_scale": 0.0005444751783374581,
  "vrms_offset": 5,
  "irms_offset": 57,
  "vrms_offset_volts": 0.043293991416309005,
  "irms_offset_amps": 0.03103508516523511,
  "last_cal_time": "2026-07-14T18:40:45",
  "line_vrms_used": 242.1,
  "clamp_irms_used": 18.7
}
